wateryear,region,surfdiv,pumping,et,gwstor,model
1975,1,53.54345897,0.132873612,533.5562688,-98.48913278,cvhm
1976,1,64.96822005,0.778900668,598.2124173,-429.8443397,cvhm
1977,1,61.95552317,0.915457547,545.2376033,-439.6745482,cvhm
1978,1,53.63397812,0,600.7800382,305.3273987,cvhm
1979,1,53.18785391,0.744761348,508.349941,-183.7851168,cvhm
1980,1,55.06607403,1.017599304,625.5941562,18.39426279,cvhm
1981,1,52.60538769,0.782567351,545.289627,-116.8536702,cvhm
1982,1,45.4961438,0,684.1506331,119.321641,cvhm
1983,1,44.18207205,0,688.1397352,445.6435836,cvhm
1984,1,54.62202007,0.269028181,478.0129036,-46.84700405,cvhm
1985,1,56.5441741,0,540.8201154,-274.1092855,cvhm
1986,1,53.32643026,0,627.8571246,74.38451791,cvhm
1987,1,66.19575443,0,398.2378464,-255.5316576,cvhm
1988,1,60.86897543,2.591235098,516.6304629,-140.3199984,cvhm
1989,1,49.74847144,0,598.9165568,-96.90129134,cvhm
1990,1,56.24633142,1.279417354,634.0337901,-298.6447753,cvhm
1991,1,62.80280483,0,440.764941,-272.6531482,cvhm
1992,1,57.34865395,0,554.5411468,-148.797164,cvhm
1993,1,7.419223998,0,728.7042583,167.365929,cvhm
1994,1,11.69507907,0,473.9822481,-248.8397627,cvhm
1995,1,8.800055632,0,533.4815485,507.1667855,cvhm
1996,1,7.897898638,0,538.7981715,56.78198828,cvhm
1997,1,7.505761927,0,434.906708,-48.10046947,cvhm
1998,1,5.120773367,0,660.3449255,406.4810026,cvhm
1999,1,39.98617584,0,485.6293968,-192.2134043,cvhm
2000,1,31.5501176,0,596.1268856,-117.668046,cvhm
2001,1,41.90551282,0,542.6734967,-284.8381168,cvhm
2002,1,46.4889359,0.091653544,406.7967362,-114.4686982,cvhm
2003,1,35.50534987,0,551.8673347,10.14992136,cvhm
1975,2,153.7938106,551.8325982,1248.090144,-81.79967014,cvhm
1976,2,116.0494759,638.032234,1237.705722,-753.7086901,cvhm
1977,2,42.06372775,725.5893894,1231.76146,-757.9075785,cvhm
1978,2,130.950496,509.9393586,1368.895216,501.6654522,cvhm
1979,2,136.5468516,561.0143659,1239.99823,-224.8434229,cvhm
1980,2,153.3918981,456.4322081,1338.919309,209.1853586,cvhm
1981,2,142.8137908,527.7750754,1284.142636,-201.632427,cvhm
1982,2,136.7533262,394.8179135,1449.13653,229.9321513,cvhm
1983,2,112.6424922,377.7929111,1468.618189,890.5216485,cvhm
1984,2,153.190982,490.4822129,1099.121487,80.63839113,cvhm
1985,2,148.614815,492.9143561,1219.440622,-428.3084746,cvhm
1986,2,158.6039607,458.8643513,1369.427152,220.5258244,cvhm
1987,2,143.3794082,569.9322243,1122.489283,-518.7484747,cvhm
1988,2,144.4099596,581.2822259,1221.851552,-273.1562159,cvhm
1989,2,129.6675819,514.803645,1338.658139,-334.1045944,cvhm
1990,2,121.3697576,556.9607939,1260.622417,-495.2008792,cvhm
1991,2,102.4599249,612.9000876,1160.459171,-380.8546519,cvhm
1992,2,100.7872269,615.3322308,1279.367,-182.3158999,cvhm
1993,2,112.4244857,547.232221,1424.089829,347.2182976,cvhm
1994,2,126.1878682,668.8393813,1279.823136,-419.6596776,cvhm
1995,2,108.3431488,525.3429322,1287.502169,1044.847039,cvhm
1996,2,115.8374931,592.6322275,1307.757122,25.72477158,cvhm
1997,2,117.2283395,584.5250835,1197.991142,-111.2046286,cvhm
1998,2,95.238267,423.1929176,1451.881079,1043.506033,cvhm
1999,2,126.8118004,400.4929144,1147.548387,-337.6490692,cvhm
2000,2,118.9703226,393.1964847,1235.682234,-170.1622978,cvhm
2001,2,133.5542391,413.4643448,1218.830043,-342.0882222,cvhm
2002,2,136.1353413,470.2143529,1041.350816,-115.8125003,cvhm
2003,2,97.02156248,409.4107728,1284.564378,42.94663251,cvhm
1975,3,671.0693988,25.15804873,1204.951127,3.671794725,cvhm
1976,3,805.2084386,118.4128935,1229.205439,-555.5491521,cvhm
1977,3,750.2812183,169.6503689,1316.305333,-533.4295969,cvhm
1978,3,739.3340512,2.499346339,1325.881246,418.8717986,cvhm
1979,3,743.092136,0.429107,1266.526172,-27.30781279,cvhm
1980,3,680.0839724,3.62493891,1243.263892,315.9817869,cvhm
1981,3,708.3825432,12.84677872,1248.758551,-141.4679522,cvhm
1982,3,564.2527431,0,1278.865403,298.6127055,cvhm
1983,3,513.1288782,0,1232.97004,729.3611054,cvhm
1984,3,615.7092703,0,1131.719763,92.61702818,cvhm
1985,3,650.156397,3.841014013,1190.423427,-271.6699518,cvhm
1986,3,592.1294006,0,1207.882237,209.0539235,cvhm
1987,3,691.2235545,19.54483958,1208.15613,-424.8735482,cvhm
1988,3,699.5903095,38.13398646,1231.497623,-162.0178631,cvhm
1989,3,652.0802515,21.15716215,1266.444549,-266.1228349,cvhm
1990,3,750.1287243,54.44264174,1274.584232,-295.2145869,cvhm
1991,3,760.1534195,26.56861009,1236.213276,-131.7168506,cvhm
1992,3,642.6351187,130.1672916,1309.329043,-109.1124164,cvhm
1993,3,596.7419965,15.15889102,1290.04555,385.5739714,cvhm
1994,3,684.0366535,69.54542251,1358.163187,-365.4926629,cvhm
1995,3,561.9844783,17.30278907,1240.459762,734.3107666,cvhm
1996,3,582.073155,5.639290343,1293.690925,17.26149857,cvhm
1997,3,633.9954928,16.49370855,1276.445765,-91.10327351,cvhm
1998,3,410.3689835,0.039632371,1231.8549,950.6148257,cvhm
1999,3,519.3380433,12.83920224,1141.750429,-294.2699635,cvhm
2000,3,492.7661779,16.4257255,1206.197796,-67.48496706,cvhm
2001,3,588.4309107,0.925005616,1233.446858,-209.793663,cvhm
2002,3,617.3176104,39.2375647,1186.309959,-50.30534508,cvhm
2003,3,505.6646037,5.305855165,1262.997912,43.03469299,cvhm
1975,4,70.76610367,2.001145927,610.0152009,-1.176189828,cvhm
1976,4,79.74316809,2.06026688,618.8688284,-309.1531927,cvhm
1977,4,91.39182861,8.616311846,618.2827753,-244.1471195,cvhm
1978,4,70.10465945,6.08058111,626.0686926,314.7490332,cvhm
1979,4,78.5754948,8.236657454,624.6810703,-28.32693311,cvhm
1980,4,74.55806685,0.032354543,612.9879308,155.0112627,cvhm
1981,4,75.53266385,4.22320094,636.8564516,-111.1525454,cvhm
1982,4,60.97636439,0.09798361,610.2226968,255.3591147,cvhm
1983,4,60.03786353,0,602.1706154,383.3671202,cvhm
1984,4,66.46789069,2.165863151,637.3027793,-88.85624308,cvhm
1985,4,74.93261804,1.60499538,627.4322895,-191.4834989,cvhm
1986,4,70.84034725,0.060527111,624.7518792,134.8914506,cvhm
1987,4,84.4281092,1.354734284,644.2450129,-214.0907643,cvhm
1988,4,81.12742464,6.837198331,640.6318416,-69.28859524,cvhm
1989,4,70.35193084,1.21904585,624.3801782,-62.82684905,cvhm
1990,4,84.69115711,6.290347917,625.3360181,-83.19891055,cvhm
1991,4,81.89887814,2.036054483,613.0385662,7.719650015,cvhm
1992,4,84.8739388,6.690480111,639.1268716,-53.40492596,cvhm
1993,4,67.6314463,1.20571825,603.1859801,260.5968265,cvhm
1994,4,81.95590688,3.625335716,622.4784941,-190.5559228,cvhm
1995,4,58.68513304,0.958443733,586.5513115,519.527282,cvhm
1996,4,64.80955685,3.03519546,634.8412504,-107.6366249,cvhm
1997,4,73.04663448,2.985265928,628.9005267,-86.53246314,cvhm
1998,4,50.28565077,0,582.3459736,578.8005233,cvhm
1999,4,50.79897107,0.054639115,595.6113107,-258.9764629,cvhm
2000,4,47.49348019,0.043418273,640.6686012,-56.73006982,cvhm
2001,4,57.05781659,0.005334873,647.0749066,-134.4950172,cvhm
2002,4,60.84894478,1.82774726,636.4046564,-25.00745273,cvhm
2003,4,47.28770614,0.159028032,638.1514677,91.95633956,cvhm
1975,5,319.1445634,0,963.1610151,-74.4992298,cvhm
1976,5,476.6322407,0,1086.251834,-536.7498783,cvhm
1977,5,633.3499943,4.695944565,1160.201828,-479.9525978,cvhm
1978,5,416.2110566,5.788185155,1095.781163,437.8425482,cvhm
1979,5,431.7071629,0,1099.800847,-33.77503324,cvhm
1980,5,394.9548509,0,1055.786295,192.3447041,cvhm
1981,5,439.3101431,0,1110.44311,-159.0882858,cvhm
1982,5,276.5034832,0,1033.54228,459.3780778,cvhm
1983,5,214.8099394,0,944.2505685,645.6226374,cvhm
1984,5,246.154529,0,946.6440767,-39.31106651,cvhm
1985,5,328.9631063,0,1017.052518,-430.0254296,cvhm
1986,5,287.754549,0,1009.272769,147.6232222,cvhm
1987,5,397.9125306,0,1029.946136,-368.3708808,cvhm
1988,5,431.9035044,8.884724989,1086.425225,-215.1169993,cvhm
1989,5,417.8729124,0,1116.052044,-91.24328121,cvhm
1990,5,501.78272,0,1161.582095,-244.5158177,cvhm
1991,5,532.5380752,0,1137.501659,-78.72662338,cvhm
1992,5,544.2137652,7.755216849,1204.919193,-61.33802683,cvhm
1993,5,358.7318259,2.645035524,1112.114898,399.2719537,cvhm
1994,5,518.6707735,6.25803659,1165.916843,-308.6161336,cvhm
1995,5,279.2300151,0.802345252,1009.635448,701.8292854,cvhm
1996,5,293.7696991,0,1065.777043,-49.44166058,cvhm
1997,5,354.3335032,2.586229853,1059.979425,-127.4904965,cvhm
1998,5,204.5518991,0,963.7637936,677.4031,cvhm
1999,5,299.2905912,0,935.0524729,-290.4724633,cvhm
2000,5,301.0187164,0,1034.091642,-118.4905166,cvhm
2001,5,398.1067983,0,1092.914945,-283.7835807,cvhm
2002,5,423.8636548,0.541468139,1075.950225,-63.92629509,cvhm
2003,5,340.0938379,0,1075.573776,62.28455527,cvhm
1975,6,316.8373059,504.2643578,1299.991039,-30.44131239,cvhm
1976,6,358.141121,646.9500924,1312.460933,-578.9783302,cvhm
1977,6,199.6586392,881.2465545,1339.180039,-680.1010426,cvhm
1978,6,346.1759357,419.95006,1340.161258,535.7306775,cvhm
1979,6,376.8529901,468.5929241,1264.992378,6.630839616,cvhm
1980,6,352.8868039,329.9607614,1284.730652,443.863257,cvhm
1981,6,409.7703324,439.4072056,1246.471102,-208.7402778,cvhm
1982,6,322.0873139,227.0000324,1322.829497,667.5876503,cvhm
1983,6,261.663844,237.5393196,1245.142564,876.821908,cvhm
1984,6,410.5836603,262.6714661,1186.063099,-3.029897403,cvhm
1985,6,367.4008688,269.1571813,1221.754192,-248.3585642,cvhm
1986,6,356.623296,222.9464604,1225.121063,401.0754103,cvhm
1987,6,420.4312782,256.1857509,1170.351423,-325.5630788,cvhm
1988,6,390.3120032,310.5036158,1211.103855,-178.2818333,cvhm
1989,6,335.6301318,351.0393359,1236.034268,-304.7053676,cvhm
1990,6,209.7437428,551.285793,1250.254749,-379.7953478,cvhm
1991,6,259.6549462,547.232221,1213.007215,-171.3672675,cvhm
1992,6,256.4556579,552.0965074,1293.351985,-218.7732249,cvhm
1993,6,345.5449663,432.110776,1372.171227,432.4078905,cvhm
1994,6,373.0138225,567.5000811,1384.646399,-408.7303793,cvhm
1995,6,323.7640673,405.3572008,1347.591504,852.5219135,cvhm
1996,6,328.7884214,408.6000584,1419.990742,175.4353766,cvhm
1997,6,443.7239456,376.1714823,1367.850365,110.0926701,cvhm
1998,6,278.3832205,286.9928981,1360.136904,889.8668137,cvhm
1999,6,369.9338804,107.014301,1130.332204,-168.7570222,cvhm
2000,6,354.2659944,95.66429938,1183.970484,36.45055692,cvhm
2001,6,387.7658412,119.175017,1191.863124,-233.9476645,cvhm
2002,6,227.9351434,321.042903,1149.571045,-125.5790077,cvhm
2003,6,190.5961714,267.5357525,1217.793649,65.3522494,cvhm
1975,7,138.2370399,0,479.5755795,-53.85639763,cvhm
1976,7,187.7929197,0,483.0650462,-307.2329769,cvhm
1977,7,174.4139208,41.86181445,455.5394047,-271.2647539,cvhm
1978,7,133.1643091,6.512630325,486.8129024,94.75192003,cvhm
1979,7,129.0076279,0,468.1348541,-22.19725377,cvhm
1980,7,133.6483144,0,480.4208325,17.52380843,cvhm
1981,7,136.1664028,0,467.7961899,-91.15058575,cvhm
1982,7,97.5320702,0,528.2727183,201.4276283,cvhm
1983,7,88.27123928,0,518.0370072,244.6469816,cvhm
1984,7,107.622553,0,448.0016533,-60.49753262,cvhm
1985,7,117.9578392,0,484.2468284,-184.5189793,cvhm
1986,7,111.0440921,0,524.0815597,62.68401572,cvhm
1987,7,132.8419246,0,468.0058988,-182.573918,cvhm
1988,7,154.0834156,0.53345113,449.7291462,-113.3845625,cvhm
1989,7,128.4507396,0,494.7066698,-34.82867426,cvhm
1990,7,150.336701,0,492.0784137,-125.2591264,cvhm
1991,7,155.4027182,0,455.0564326,-92.39614437,cvhm
1992,7,157.7222803,0,500.4197029,-121.2246372,cvhm
1993,7,219.8593999,1.687498851,558.1885741,203.465782,cvhm
1994,7,226.0100869,27.4189209,504.7449621,-129.0341712,cvhm
1995,7,201.2240525,19.78476851,502.1745539,334.2590334,cvhm
1996,7,198.7533071,8.277218409,531.2277145,1.194106099,cvhm
1997,7,204.362126,5.094522536,468.648879,-35.78054421,cvhm
1998,7,158.8726531,0.293365821,503.157625,396.3838724,cvhm
1999,7,60.77727199,0,405.2896264,-208.8056856,cvhm
2000,7,63.83032516,0,468.3094444,-79.5068349,cvhm
2001,7,89.42975398,0,486.5277619,-189.4148519,cvhm
2002,7,96.38653017,0,452.4802749,-94.28175812,cvhm
2003,7,85.57386504,0,499.2442293,-57.66087947,cvhm
1975,8,224.6197279,638.8429484,1447.828216,-47.22138432,cvhm
1976,8,201.4546053,724.778675,1276.67815,-539.3059269,cvhm
1977,8,142.3331787,848.007264,1163.023712,-667.1269117,cvhm
1978,8,172.5257902,729.6429614,1555.462519,285.3172283,cvhm
1979,8,196.288377,793.6893991,1382.267304,-49.05046658,cvhm
1980,8,199.4326401,642.8965204,1476.91576,144.8996596,cvhm
1981,8,199.6083546,802.6072575,1353.190984,-241.7301589,cvhm
1982,8,176.925868,522.910789,1701.660398,552.7781501,cvhm
1983,8,167.8198988,458.8643513,1656.814824,949.8971956,cvhm
1984,8,237.1518104,638.032234,1349.838881,46.61523422,cvhm
1985,8,207.9357995,616.1429452,1438.889427,-270.5340816,cvhm
1986,8,192.9280087,563.4465091,1578.878157,315.7163505,cvhm
1987,8,199.9623021,742.6143918,1347.594541,-382.0018952,cvhm
1988,8,197.1881601,753.9643934,1386.829597,-368.7684661,cvhm
1989,8,195.2854195,722.3465318,1462.471922,-357.8153012,cvhm
1990,8,175.3011632,732.885819,1469.276385,-380.4522001,cvhm
1991,8,165.0102208,807.4715439,1323.540944,-320.0951683,cvhm
1992,8,156.5770495,776.6643967,1434.951906,-303.5128162,cvhm
1993,8,208.107292,777.4751111,1589.141822,321.5635585,cvhm
1994,8,186.0005856,872.328696,1440.768408,-464.3888477,cvhm
1995,8,225.610992,676.9465253,1543.833716,600.2216912,cvhm
1996,8,224.4391926,743.4251062,1575.550781,135.2965594,cvhm
1997,8,225.5272986,813.9572591,1383.315823,152.5129261,cvhm
1998,8,202.9560818,558.5822227,1656.593657,751.3257215,cvhm
1999,8,235.6431548,356.7143367,1147.533643,17.8142264,cvhm
2000,8,223.6902404,374.5500535,1273.294695,185.9478761,cvhm
2001,8,218.7959316,402.1143432,1309.065508,-217.9789016,cvhm
2002,8,263.6869138,414.2750592,1219.9087,-6.961686567,cvhm
2003,8,208.6407185,398.0607712,1298.551728,-28.60870733,cvhm
1975,9,101.0672755,314.5571878,1588.081729,82.46617182,cvhm
1976,9,83.26819749,534.2607906,1641.184649,-492.5524549,cvhm
1977,9,15.75514311,962.3179946,1721.387516,-459.6904053,cvhm
1978,9,84.56042277,474.2679249,1690.01747,941.9314724,cvhm
1979,9,87.98393742,421.5714888,1606.423804,49.52813045,cvhm
1980,9,112.7133669,231.0536044,1532.164842,526.1385761,cvhm
1981,9,62.79984793,396.4393423,1574.471043,-228.0963354,cvhm
1982,9,127.2531049,91.61072737,1507.280667,942.1925224,cvhm
1983,9,42.8032538,85.12501216,1401.881956,1210.818834,cvhm
1984,9,19.22059101,164.5750235,1443.137511,-280.7935925,cvhm
1985,9,70.67670713,107.014301,1377.506867,-210.012355,cvhm
1986,9,98.59761905,56.75000811,1410.546014,616.2480182,cvhm
1987,9,99.17199828,89.98929857,1398.878898,-309.1346526,cvhm
1988,9,42.56547882,165.3857379,1384.651228,-176.9580195,cvhm
1989,9,0.092006794,223.7571748,1380.967285,-177.2133368,cvhm
1990,9,0.06984111,323.4750462,1455.111091,-185.3966361,cvhm
1991,9,14.31924818,400.4929144,1540.320599,196.9882549,cvhm
1992,9,14.00083483,487.2393553,1609.259199,-235.7048291,cvhm
1993,9,89.82254357,262.6714661,1527.615047,638.2507683,cvhm
1994,9,88.21615525,370.4964815,1563.25981,-239.4324232,cvhm
1995,9,100.1783521,146.7393067,1435.614045,1473.092615,cvhm
1996,9,83.42285465,124.8500178,1490.017093,41.82273604,cvhm
1997,9,82.08177744,124.8500178,1447.62528,312.9572251,cvhm
1998,9,33.35770431,103.7714434,1361.282812,1750.794,cvhm
1999,9,79.80617236,58.37143691,1393.365151,-459.6635893,cvhm
2000,9,79.27885701,75.39643934,1496.775462,-9.453741224,cvhm
2001,9,79.89017012,80.26072575,1502.574251,-203.9157944,cvhm
2002,9,79.90066768,97.28572818,1472.265152,101.6040154,cvhm
2003,9,79.39541845,88.36786977,1475.939416,327.1353878,cvhm
1975,10,971.7824995,32.6904558,1454.647395,-39.12972735,cvhm
1976,10,1078.438973,39.64345872,1480.471765,-210.7744116,cvhm
1977,10,939.0866836,249.1913317,1479.922234,-274.3946496,cvhm
1978,10,883.051514,11.57462044,1470.779377,363.330838,cvhm
1979,10,943.8489342,28.23925671,1429.651821,-46.57235752,cvhm
1980,10,945.4122735,0,1389.319784,65.80070192,cvhm
1981,10,969.0638455,9.624583192,1449.301937,-116.6734189,cvhm
1982,10,828.3235038,8.241942324,1430.871441,111.2810682,cvhm
1983,10,731.9350203,0,1406.922824,431.4176568,cvhm
1984,10,985.7528797,26.31340063,1413.523278,-116.3200862,cvhm
1985,10,972.1875619,14.44767883,1397.420581,-141.2786577,cvhm
1986,10,928.7375487,13.19976243,1427.580477,92.35983849,cvhm
1987,10,946.6479374,13.32784786,1419.267584,-153.3969957,cvhm
1988,10,1055.523025,0.231138258,1477.071586,-84.76993402,cvhm
1989,10,1028.755148,10.52397436,1434.88944,-138.9158601,cvhm
1990,10,1002.825611,71.57690467,1435.85091,-169.879177,cvhm
1991,10,880.0068108,167.6749977,1408.316798,-5.123964612,cvhm
1992,10,854.4701247,200.847898,1445.034299,-217.7852466,cvhm
1993,10,929.6545154,4.790679687,1449.501147,178.6056068,cvhm
1994,10,929.3896815,98.37435957,1473.176257,-140.8274102,cvhm
1995,10,881.5403335,0,1369.974602,455.3418927,cvhm
1996,10,864.916473,0.222218109,1435.820432,48.05444972,cvhm
1997,10,966.8056317,0,1393.498654,224.2137398,cvhm
1998,10,658.1990788,0.221357338,1332.166344,776.8061645,cvhm
1999,10,880.2929569,4.090005027,1309.400896,-192.7333092,cvhm
2000,10,878.4550563,2.743209266,1412.596021,-114.6407319,cvhm
2001,10,937.1836343,0,1470.757621,-244.2320676,cvhm
2002,10,1025.422025,28.32769672,1453.298574,-191.4118113,cvhm
2003,10,955.3660469,0.850786594,1483.634768,-121.797107,cvhm
1975,11,642.7944896,2.511261937,898.0546009,-24.33144934,cvhm
1976,11,596.9032857,92.59074307,868.6174785,-170.1427377,cvhm
1977,11,365.8216165,455.9559451,883.6336351,-430.8031209,cvhm
1978,11,652.4765874,55.48207395,955.6495786,138.7429033,cvhm
1979,11,697.3042879,0,901.8161812,72.05935003,cvhm
1980,11,676.3702818,0,887.5007847,114.5833537,cvhm
1981,11,678.2901353,12.1768526,899.3457489,-38.05818916,cvhm
1982,11,528.0380493,1.682811338,949.5316247,154.7473252,cvhm
1983,11,502.070324,0,926.4710875,310.6200984,cvhm
1984,11,643.9406119,8.600082254,864.1137818,-32.7599704,cvhm
1985,11,653.8795272,2.080023901,890.159805,-99.58376882,cvhm
1986,11,618.529153,0.210894175,930.7441219,75.10337388,cvhm
1987,11,642.9513795,18.35302806,885.336253,-130.0895049,cvhm
1988,11,605.2890997,75.25961342,897.0937336,-164.3670956,cvhm
1989,11,656.5402953,59.06632435,919.6180006,-135.4735607,cvhm
1990,11,699.7598645,31.89324853,913.0783876,-121.1052445,cvhm
1991,11,666.1883206,54.24857808,867.795362,-63.84322534,cvhm
1992,11,680.028064,40.80623771,924.5328398,-36.19083517,cvhm
1993,11,608.0809568,34.50533576,890.849363,120.7177339,cvhm
1994,11,619.612908,2.85801683,861.2383005,-79.2471727,cvhm
1995,11,557.048018,23.18334792,840.0342386,226.3021482,cvhm
1996,11,548.9678394,8.048740759,838.3274834,78.49842806,cvhm
1997,11,617.9409901,4.367308541,781.9576584,111.2966208,cvhm
1998,11,410.0723363,0,800.9835973,274.5015114,cvhm
1999,11,530.6759631,0,769.8623898,-126.1438227,cvhm
2000,11,513.2001021,9.994056509,834.7068208,-20.74378695,cvhm
2001,11,594.4158959,0.055393636,855.2433534,-106.9382355,cvhm
2002,11,620.7652293,14.57319509,823.2723358,-22.60416804,cvhm
2003,11,551.508813,13.56878837,841.3996153,-32.28940637,cvhm
1975,12,414.1096106,0,663.2103231,40.51056219,cvhm
1976,12,471.8513075,1.972067025,661.8567611,-116.483905,cvhm
1977,12,235.2715592,293.6258491,687.058772,-268.4833053,cvhm
1978,12,444.9143512,38.09765203,738.1278535,230.8503523,cvhm
1979,12,482.3344509,37.51686623,726.5533491,56.57521099,cvhm
1980,12,453.5409827,0.021418703,690.3012418,160.2152867,cvhm
1981,12,483.822729,20.10603793,723.0286721,-45.71338893,cvhm
1982,12,368.8189282,11.38672515,721.1632551,190.8268274,cvhm
1983,12,319.7972491,0,672.8206768,420.5194799,cvhm
1984,12,418.2368924,0,660.2746621,-55.21668067,cvhm
1985,12,434.7634242,2.131186771,678.6674386,-104.3070041,cvhm
1986,12,429.9776893,3.711030956,705.5655732,73.598899,cvhm
1987,12,434.1368013,13.28377938,703.5857903,-124.7538523,cvhm
1988,12,263.3683765,257.5306096,730.2685491,-254.1153095,cvhm
1989,12,462.820009,97.83729947,748.9872336,-162.4643832,cvhm
1990,12,463.3066837,106.1965773,752.0436641,-99.82646732,cvhm
1991,12,512.2751445,81.98357148,734.4015528,-17.15567721,cvhm
1992,12,531.8903828,59.79023316,772.0909694,-33.40130476,cvhm
1993,12,483.9722635,27.36169144,739.6486474,164.2893933,cvhm
1994,12,473.2700639,34.76910102,709.5363269,-27.18610792,cvhm
1995,12,413.880921,24.2136903,661.0923081,338.6547617,cvhm
1996,12,410.8842024,17.96956153,668.9919085,111.1548496,cvhm
1997,12,447.6707325,5.210576424,629.253244,229.2435747,cvhm
1998,12,301.3902882,0,600.1797616,419.1360052,cvhm
1999,12,391.8345672,0,589.4871488,-88.87697709,cvhm
2000,12,369.421847,0,642.6295524,8.83725249,cvhm
2001,12,432.1492397,0.800256348,673.9183442,-60.90639475,cvhm
2002,12,453.3526647,16.66565603,673.0252922,-30.31483995,cvhm
2003,12,412.3411688,22.80663719,684.6492469,-18.69632226,cvhm
1975,13,1068.022102,520.4786458,2189.732473,-36.6099042,cvhm
1976,13,742.5135338,943.6715634,2129.728559,-600.8872077,cvhm
1977,13,351.9536617,1556.571651,2109.340626,-1023.950619,cvhm
1978,13,1070.748742,531.017933,2358.965033,463.96322,cvhm
1979,13,1134.412665,553.7179362,2249.933639,124.5143934,cvhm
1980,13,1206.34038,414.2750592,2188.408751,220.798313,cvhm
1981,13,938.9846594,830.9822616,2257.988792,-395.9426218,cvhm
1982,13,1165.805957,330.7714758,2341.321701,234.5383522,cvhm
1983,13,1132.424655,163.7643091,2235.900502,1092.449841,cvhm
1984,13,1165.751087,486.4286409,2143.3209,-54.01981305,cvhm
1985,13,875.1356891,739.3715342,2175.125073,-472.349803,cvhm
1986,13,1192.128444,438.5964912,2256.145298,120.5183841,cvhm
1987,13,822.9165822,895.8394137,2193.001911,-492.0541151,cvhm
1988,13,701.4424698,1104.193015,2279.621635,-755.2059948,cvhm
1989,13,691.8341287,1147.160878,2283.129565,-850.922941,cvhm
1990,13,504.7584596,1317.410902,2283.627604,-889.1330559,cvhm
1991,13,643.6569983,1283.360898,2159.349604,-555.3616287,cvhm
1992,13,607.2565129,1246.87875,2296.866563,-739.3474624,cvhm
1993,13,1084.378936,658.300094,2246.196557,151.9158812,cvhm
1994,13,857.5572116,769.3679671,2213.820998,-367.8412015,cvhm
1995,13,1072.255683,458.0536369,2156.063681,573.0996878,cvhm
1996,13,1014.312094,555.339365,2169.338762,110.7387168,cvhm
1997,13,1090.944805,559.3929371,2051.215223,389.5771549,cvhm
1998,13,906.6854212,331.5821902,2103.490111,940.6734834,cvhm
1999,13,922.8137458,395.6286279,1883.720661,-186.3057659,cvhm
2000,13,992.6119394,388.3321983,2053.589536,61.57719653,cvhm
2001,13,851.4106558,608.0358011,2128.184917,-312.8943897,cvhm
2002,13,808.6555525,777.4751111,2090.525413,-424.7750353,cvhm
2003,13,903.7184042,586.9572267,2128.710097,-222.7355481,cvhm
1975,14,1149.67868,728.0215326,1589.971574,-121.3203505,cvhm
1976,14,1152.791383,620.1965172,1635.113015,-103.266682,cvhm
1977,14,280.6255712,1524.953789,1563.013707,-739.1629775,cvhm
1978,14,732.5791543,669.6500957,1671.300284,10.26647674,cvhm
1979,14,1013.346563,590.2000843,1607.98038,-92.51791961,cvhm
1980,14,993.4118753,522.1000746,1606.909633,-84.19667004,cvhm
1981,14,1075.305563,483.1857833,1659.019858,-141.2172096,cvhm
1982,14,987.5634407,376.9821967,1586.503672,-69.56373634,cvhm
1983,14,851.0255534,336.4464766,1595.304915,122.425913,cvhm
1984,14,1177.529139,531.8286474,1628.400607,-113.5949838,cvhm
1985,14,1132.216878,427.2464896,1578.096777,-138.548931,cvhm
1986,14,1085.735844,414.2750592,1625.355369,-59.89640968,cvhm
1987,14,1140.063121,372.9286247,1585.325047,-74.98524029,cvhm
1988,14,1065.298976,445.0822064,1660.681457,-185.9184798,cvhm
1989,14,1040.898764,517.2357882,1565.316098,-251.0746932,cvhm
1990,14,704.7535305,875.5715537,1605.256291,-513.065353,cvhm
1991,14,330.7371678,1268.768038,1605.915685,-727.8874707,cvhm
1992,14,353.2306247,1128.514447,1588.918812,-624.8455956,cvhm
1993,14,798.7874037,498.5893569,1541.807102,48.85108811,cvhm
1994,14,662.9747013,699.6465285,1642.284611,-417.4708832,cvhm
1995,14,900.2016153,500.2107857,1567.684575,28.43205859,cvhm
1996,14,924.0740802,475.8893537,1641.966647,-157.2050167,cvhm
1997,14,1132.598459,304.828615,1587.752178,15.12901689,cvhm
1998,14,860.193044,261.8607517,1561.02092,173.1345172,cvhm
1999,14,1033.207235,248.0786069,1448.868687,-67.58608872,cvhm
2000,14,865.6604744,440.21792,1494.259087,-193.0685719,cvhm
2001,14,752.37484,458.0536369,1532.762886,-242.7446223,cvhm
2002,14,874.7578324,540.7465058,1452.538304,-267.8380025,cvhm
2003,14,808.7446235,364.0107663,1500.249401,-149.2715961,cvhm
1975,15,987.1084026,1534.682362,2201.032139,-243.2350759,cvhm
1976,15,471.9562984,1888.153841,2219.548339,-564.6795935,cvhm
1977,15,232.6959872,2421.603917,2177.577035,-821.747396,cvhm
1978,15,976.1291959,1251.743036,2348.696459,595.1364728,cvhm
1979,15,1079.90988,1566.300224,2413.561708,-196.760985,cvhm
1980,15,1074.929666,1423.614489,2383.870604,-35.16877737,cvhm
1981,15,890.6096715,1876.80384,2477.71628,-469.5678869,cvhm
1982,15,1112.786387,1154.457308,2340.815622,42.97092271,cvhm
1983,15,804.425241,1246.068035,2359.078828,408.6208535,cvhm
1984,15,910.42162,1853.293122,2412.602286,-367.4070942,cvhm
1985,15,888.3764647,1783.571683,2356.646913,-449.705886,cvhm
1986,15,1060.757072,1400.914486,2402.13238,47.2118698,cvhm
1987,15,602.9218888,2013.003859,2385.993723,-519.3302411,cvhm
1988,15,505.167187,2080.293154,2444.586838,-621.6275766,cvhm
1989,15,570.9123168,2165.418166,2379.976454,-710.9950827,cvhm
1990,15,328.563209,2370.52891,2383.503298,-844.2021535,cvhm
1991,15,265.8681655,2471.86821,2379.832624,-148.9579823,cvhm
1992,15,252.9195063,2397.282485,2405.597333,-897.0034601,cvhm
1993,15,995.6173708,1403.346629,2249.464463,119.4899771,cvhm
1994,15,466.6096594,1827.350261,2260.89301,-563.3861934,cvhm
1995,15,1137.96899,1081.493012,2157.638165,1140.453265,cvhm
1996,15,1228.423721,1169.050167,2254.328605,46.45574441,cvhm
1997,15,949.8062604,1410.643059,2197.260866,245.9332618,cvhm
1998,15,863.2842379,988.2608555,2130.90329,1060.710889,cvhm
1999,15,733.3255503,1178.77874,1861.935711,-176.0453209,cvhm
2000,15,758.8156027,1102.571586,1862.650632,-86.90817598,cvhm
2001,15,459.1478243,1368.48591,1904.021649,-342.0931619,cvhm
2002,15,544.3972567,1472.257353,1844.676925,-368.3388681,cvhm
2003,15,587.2819265,1253.364465,1855.903199,-211.692966,cvhm
1975,16,545.4451545,64.85213701,637.208194,-86.25755781,cvhm
1976,16,325.7621775,302.5836959,614.2699273,-280.8420397,cvhm
1977,16,303.6629616,360.8936232,615.6427895,-432.2771482,cvhm
1978,16,296.1191139,77.74651295,507.5422271,-21.0228793,cvhm
1979,16,308.8507073,0,424.657552,-60.75682336,cvhm
1980,16,321.977754,26.18747315,420.8712215,-62.41510389,cvhm
1981,16,268.8883832,47.77443769,418.1725917,-159.9193126,cvhm
1982,16,265.9964194,18.69578622,473.2273199,-115.3666283,cvhm
1983,16,279.2931009,0,502.4636713,148.9182559,cvhm
1984,16,336.3726366,0,393.8219734,-101.7803246,cvhm
1985,16,271.1870616,30.28595953,419.1577837,-181.3076422,cvhm
1986,16,310.2115732,15.8934198,463.2645399,-74.1514365,cvhm
1987,16,214.1284933,96.96565986,405.3964295,-220.2474694,cvhm
1988,16,202.4297757,111.9561051,428.7231324,-330.9890006,cvhm
1989,16,228.0439905,98.56149047,426.5310913,-347.313752,cvhm
1990,16,206.5030775,103.2944906,409.9145382,-363.1030967,cvhm
1991,16,273.0835121,66.53562662,379.406296,-277.0177105,cvhm
1992,16,241.1871323,86.95846646,423.0585159,-328.058417,cvhm
1993,16,291.253849,16.75281049,438.4664739,-88.244728,cvhm
1994,16,219.7607242,57.53185043,433.8341232,-254.5980526,cvhm
1995,16,279.5693767,13.70800734,467.0597953,11.58453528,cvhm
1996,16,281.2628937,13.07109324,423.1641359,-37.84392717,cvhm
1997,16,308.7755843,1.554553121,391.755893,14.22196601,cvhm
1998,16,229.3516161,9.833847226,494.3861505,66.6828446,cvhm
1999,16,332.8349004,4.877754292,399.4554823,-71.51213016,cvhm
2000,16,300.3298222,17.35091875,445.3935982,16.12003901,cvhm
2001,16,323.4240174,23.15548844,452.6785955,-97.79348628,cvhm
2002,16,319.3218656,42.25457234,430.6859008,-155.4756192,cvhm
2003,16,299.4605434,21.20715688,463.0062175,-165.9945282,cvhm
1975,17,437.5357895,466.1170335,881.8233746,-170.756575,cvhm
1976,17,71.55491316,840.7361212,864.8192512,-567.5618824,cvhm
1977,17,60.64654233,945.6124598,876.2126138,-652.0571146,cvhm
1978,17,722.3945435,183.2214547,890.7009583,400.3270507,cvhm
1979,17,561.5776068,279.6964685,874.7060842,158.2182438,cvhm
1980,17,646.0966271,222.9464604,853.3113393,118.1216305,cvhm
1981,17,368.7199502,579.6607971,894.5174158,-252.2060037,cvhm
1982,17,593.5522826,181.6000259,869.5520471,79.18829817,cvhm
1983,17,600.6639993,143.4964491,862.6894166,411.2814669,cvhm
1984,17,569.2464677,341.310763,863.9905936,-53.47904492,cvhm
1985,17,394.1390597,478.3214969,859.480304,-299.6785113,cvhm
1986,17,616.4880079,265.1036093,877.9035624,75.43944329,cvhm
1987,17,263.39716,611.2786588,866.7679875,-353.5081294,cvhm
1988,17,169.7267758,710.1858157,880.3512758,-524.237353,cvhm
1989,17,245.5403187,648.5715212,865.0262619,-485.8348843,cvhm
1990,17,158.9812112,715.0501022,855.7970453,-524.4039967,cvhm
1991,17,281.3585722,659.9215228,840.3114734,-348.2814347,cvhm
1992,17,176.7986439,736.939391,868.203228,-451.7352076,cvhm
1993,17,515.1885193,179.9785971,711.3128382,193.8530275,cvhm
1994,17,258.5129107,332.3929046,709.4862798,-128.2620721,cvhm
1995,17,539.9515235,115.9321594,693.1458626,336.9583326,cvhm
1996,17,434.4892067,184.0321691,696.2698752,197.5759699,cvhm
1997,17,481.9287263,184.0321691,677.3906027,184.4130675,cvhm
1998,17,457.0446643,70.53215293,696.4304906,308.7331366,cvhm
1999,17,504.8775835,227.8107468,766.2946011,4.399555982,cvhm
2000,17,484.9562924,296.721471,826.2709233,-61.33138918,cvhm
2001,17,360.3620772,415.896488,828.3562145,-285.5472954,cvhm
2002,17,456.751759,370.4964815,827.4144533,-196.9200101,cvhm
2003,17,410.1626451,343.7429062,831.1476055,-228.1658076,cvhm
1975,18,973.8039155,1281.739469,2144.792143,-349.2238193,cvhm
1976,18,354.7628514,1816.810974,2128.290156,-790.8768418,cvhm
1977,18,184.4045986,2243.246749,2083.667211,-1007.040488,cvhm
1978,18,1248.050614,975.289425,2331.358588,203.909142,cvhm
1979,18,1054.544174,1407.400201,2420.773765,-281.3250869,cvhm
1980,18,1258.35225,1158.51088,2390.456923,-192.3478828,cvhm
1981,18,590.6008113,1970.035996,2481.485575,-737.4068947,cvhm
1982,18,1260.457396,903.1358433,2364.347015,-158.2716244,cvhm
1983,18,1139.822191,886.9215553,2362.478268,201.1179169,cvhm
1984,18,1036.185289,1562.246652,2396.28075,-450.7802847,cvhm
1985,18,688.4185697,1747.089535,2350.503231,-730.8255931,cvhm
1986,18,1157.006527,1164.185881,2423.200113,-170.5171311,cvhm
1987,18,439.4949839,2041.378863,2372.721954,-855.5884427,cvhm
1988,18,446.9288462,1945.714564,2416.189434,-848.1222587,cvhm
1989,18,543.9158549,1955.443136,2373.874717,-895.1406538,cvhm
1990,18,306.923235,2210.818173,2332.93149,-1057.790309,cvhm
1991,18,417.9043977,2157.311022,2324.355028,-794.4075799,cvhm
1992,18,331.0937489,2126.503875,2384.698852,-918.7477171,cvhm
1993,18,1174.928648,1038.525148,2256.156065,-48.36370063,cvhm
1994,18,455.1167439,1684.664526,2269.859531,-748.4658957,cvhm
1995,18,1314.312118,733.6965334,2174.134703,283.2778537,cvhm
1996,18,1038.210477,1245.257321,2269.420911,-194.2854698,cvhm
1997,18,1062.446726,1276.875182,2203.041718,-55.3348017,cvhm
1998,18,1021.894054,797.7429711,2191.126606,313.1192972,cvhm
1999,18,754.4912299,1103.3823,1935.996403,-154.8989674,cvhm
2000,18,865.6262465,1002.853715,1946.400992,-127.9141931,cvhm
2001,18,539.2138846,1321.464474,1939.183895,-410.7071222,cvhm
2002,18,600.0974848,1371.728767,1926.255343,-493.2712591,cvhm
2003,18,726.1993201,1067.710867,1925.871579,-351.1177518,cvhm
1975,19,445.4247352,858.5465512,1275.941121,-231.0799193,cvhm
1976,19,339.9348104,900.7037001,1348.768999,-289.313587,cvhm
1977,19,241.8623622,1027.985861,1227.818203,-364.8607818,cvhm
1978,19,479.6846095,674.5143821,1600.40997,29.81123471,cvhm
1979,19,515.8940579,758.8286798,1433.667513,-150.2808624,cvhm
1980,19,549.3491172,659.1108084,1454.379418,-106.4687672,cvhm
1981,19,571.9392729,745.8572494,1421.622109,-183.5688766,cvhm
1982,19,545.5201804,597.4965139,1447.562416,-109.1179454,cvhm
1983,19,719.511125,324.2857606,1552.293742,165.404878,cvhm
1984,19,622.6968266,714.2393877,1339.402315,-190.9764977,cvhm
1985,19,564.9255792,702.0786717,1352.840705,-214.3019579,cvhm
1986,19,552.8760136,676.9465253,1407.388017,-162.2565756,cvhm
1987,19,531.9758464,702.8893861,1351.934465,-183.2371324,cvhm
1988,19,507.5625635,738.5608198,1450.797758,-208.8495415,cvhm
1989,19,541.0864214,750.7215358,1325.023413,-256.0439193,cvhm
1990,19,297.1904527,1016.63586,1225.916986,-454.8499061,cvhm
1991,19,89.38567261,1171.48231,1333.935253,-447.0845542,cvhm
1992,19,197.7253165,1022.31086,1398.801624,-424.3093368,cvhm
1993,19,476.5148666,725.5893894,1385.945265,-98.54686723,cvhm
1994,19,325.8648035,895.8394137,1407.870496,-356.7765282,cvhm
1995,19,495.4281723,664.7858093,1467.975982,4.355122369,cvhm
1996,19,549.8584735,727.2108182,1389.233804,-165.0035178,cvhm
1997,19,596.3832184,678.5679541,1378.797136,-82.93704749,cvhm
1998,19,564.5471442,478.3214969,1634.273421,205.7154387,cvhm
1999,19,546.4154523,503.4536434,1184.466291,-65.54485679,cvhm
2000,19,522.6106575,497.7786425,1161.139462,-161.0449052,cvhm
2001,19,280.2414193,731.2643902,1217.654542,-367.0239045,cvhm
2002,19,394.6092747,722.3465318,1104.870904,-405.444956,cvhm
2003,19,423.3487377,544.8000778,1185.036645,-289.7074075,cvhm
1975,20,643.4008474,228.3159804,884.1577666,-166.59212,cvhm
1976,20,424.426501,437.3503108,866.481432,-468.0206899,cvhm
1977,20,246.0615644,664.9110474,838.0946292,-590.4974553,cvhm
1978,20,734.1182012,88.05540624,967.1058521,86.28328055,cvhm
1979,20,702.2497455,180.8000382,925.532384,11.0755304,cvhm
1980,20,810.6482952,88.48454383,909.4568651,-16.06910523,cvhm
1981,20,563.8621969,288.4350769,927.269103,-163.7624302,cvhm
1982,20,717.8284244,72.54477945,931.3182948,-64.13136023,cvhm
1983,20,743.5627429,27.78319443,967.778539,210.0261275,cvhm
1984,20,781.8511497,155.1807818,892.9924139,-24.7667379,cvhm
1985,20,698.2716917,150.0791627,885.0611881,-172.4804622,cvhm
1986,20,809.743609,76.35448462,929.825781,-12.84553633,cvhm
1987,20,516.1399069,315.4944597,913.3433199,-255.6941001,cvhm
1988,20,448.5332803,431.6863356,946.6443497,-410.2718942,cvhm
1989,20,513.6471912,417.6660426,904.6365859,-410.4406864,cvhm
1990,20,395.7196972,537.579942,873.6213147,-555.7302751,cvhm
1991,20,468.8194068,441.454796,883.2643732,-389.8051936,cvhm
1992,20,437.3031845,450.7572073,938.961026,-439.9970698,cvhm
1993,20,654.3267431,205.1107436,936.9385155,-67.81022463,cvhm
1994,20,518.1031162,304.828615,937.6637431,-314.6627287,cvhm
1995,20,705.3467102,146.7393067,952.5208957,7.322862978,cvhm
1996,20,720.9083913,109.4464442,932.305435,27.65505846,cvhm
1997,20,782.3438054,129.7143042,906.5051572,17.00527923,cvhm
1998,20,562.1625389,148.3607355,1003.328019,138.736437,cvhm
1999,20,630.3512901,85.12501216,776.3750113,-10.64808306,cvhm
2000,20,610.9158569,83.50358336,786.0295288,-63.10351627,cvhm
2001,20,559.6281693,132.1464474,784.8286624,-135.2274053,cvhm
2002,20,563.7909862,162.9535947,762.429836,-241.3342117,cvhm
2003,20,560.7137606,81.88215455,788.3068013,-125.3193407,cvhm
1975,21,1096.121942,168.8983963,1292.685383,-78.40393934,cvhm
1976,21,1188.358158,33.94932414,1280.885255,-43.30814569,cvhm
1977,21,1130.261763,98.16610905,1270.330167,-65.99901959,cvhm
1978,21,1061.033469,85.18349664,1472.570875,276.107025,cvhm
1979,21,1220.118001,8.045596818,1385.962135,-4.991493134,cvhm
1980,21,1157.400186,62.43909559,1381.557398,64.30986373,cvhm
1981,21,1194.34257,45.84882525,1400.1702,-136.1704509,cvhm
1982,21,1010.505373,80.05039353,1379.995368,-103.3375797,cvhm
1983,21,1002.038533,62.79741534,1424.719758,199.0191073,cvhm
1984,21,1294.854603,22.68116004,1373.359078,-102.9496401,cvhm
1985,21,1168.299327,78.15034648,1340.796586,-167.3561369,cvhm
1986,21,1158.655783,87.419456,1370.064487,-57.91599752,cvhm
1987,21,1181.818324,69.61102334,1364.965843,-158.1043198,cvhm
1988,21,1251.291716,56.96455238,1415.396518,-144.1298229,cvhm
1989,21,1207.884361,137.3010177,1359.332626,-222.2224002,cvhm
1990,21,1236.989441,115.1959815,1280.599796,-321.3573262,cvhm
1991,21,969.2479816,302.6451677,1335.626912,-114.7403883,cvhm
1992,21,1087.052855,159.7803839,1402.25533,-301.1735415,cvhm
1993,21,1100.041477,123.9194829,1355.696446,-127.2895087,cvhm
1994,21,1004.175569,228.3440686,1435.402311,-358.8414346,cvhm
1995,21,1061.083453,171.9034564,1444.195404,138.6402611,cvhm
1996,21,1233.355988,98.56739858,1424.605939,-197.4189443,cvhm
1997,21,1142.71782,153.9802761,1396.79028,-118.8021106,cvhm
1998,21,1013.050554,80.83321244,1522.399269,260.896673,cvhm
1999,21,843.9601626,117.007291,1193.825235,-871.0213825,cvhm
2000,21,968.1475137,83.48942456,1155.854247,-1065.501953,cvhm
2001,21,959.8251966,39.53931019,1175.163644,-1169.540192,cvhm
2002,21,860.2832506,230.9608195,1114.535781,-1301.637201,cvhm
2003,21,787.036056,165.8636263,1203.12214,-1108.637592,cvhm
1975,1,127.9501654,14.26669872,692.0290302,127.2319267,c2vsim
1976,1,138.2332766,14.15949798,519.9276333,94.45088044,c2vsim
1977,1,125.0923356,16.46538549,428.2807926,50.76049636,c2vsim
1978,1,110.1752624,15.30160589,799.7476506,92.12336585,c2vsim
1979,1,131.3346288,15.61930808,625.6737064,53.6675097,c2vsim
1980,1,133.812966,14.54480065,781.3842857,70.61634193,c2vsim
1981,1,137.1613091,17.24301932,666.0526461,40.95653108,c2vsim
1982,1,132.0395037,17.98932449,839.296434,72.74029376,c2vsim
1983,1,122.4760075,18.82023024,850.5946049,85.15562494,c2vsim
1984,1,145.9571,22.16255336,666.984025,29.90683692,c2vsim
1985,1,132.8897296,25.70237786,572.5771899,3.078746088,c2vsim
1986,1,135.3351065,26.88828607,752.975089,28.96409534,c2vsim
1987,1,139.0645523,35.41804509,524.1471569,-13.18138987,c2vsim
1988,1,153.6310831,36.64385357,654.5772675,-1.569282431,c2vsim
1989,1,123.4989946,47.36332775,683.6916103,-17.41245928,c2vsim
1990,1,123.8296569,49.78174449,625.5313362,-38.99771338,c2vsim
1991,1,112.5145786,54.18337495,477.2048066,-54.52228106,c2vsim
1992,1,118.1678677,44.9578568,632.0143247,-38.50525243,c2vsim
1993,1,104.8009452,41.57008766,825.3467913,8.007072679,c2vsim
1994,1,115.1524168,50.84303989,588.8238041,-46.91335181,c2vsim
1995,1,104.4407427,59.54491205,767.3233861,17.84793554,c2vsim
1996,1,119.7846189,53.22866834,710.8934889,-12.8680148,c2vsim
1997,1,125.72716,51.9663596,641.9746243,-13.60677811,c2vsim
1998,1,102.6265502,84.61558689,855.4392815,11.46493761,c2vsim
1999,1,121.1891986,87.97994409,650.2633584,-31.8725557,c2vsim
2000,1,107.2052919,81.36886307,708.4738037,-18.31298564,c2vsim
2001,1,125.574689,79.19814805,622.280362,-44.41912416,c2vsim
2002,1,130.2687515,87.15719452,614.8338026,-30.63268313,c2vsim
2003,1,111.1435291,86.31033733,697.3993344,-7.006295548,c2vsim
1975,2,198.9799869,269.6714661,1350.259124,-96.95100457,c2vsim
1976,2,155.8758787,397.385888,1075.505557,-310.2263537,c2vsim
1977,2,106.3508788,445.0782353,1084.129853,-375.5912144,c2vsim
1978,2,163.9513845,275.0379882,1473.336474,124.4927554,c2vsim
1979,2,191.182433,290.7445213,1297.186505,-55.86410727,c2vsim
1980,2,188.5775749,267.4391507,1466.44551,89.86585398,c2vsim
1981,2,210.7937787,262.3711666,1364.534763,-44.15867158,c2vsim
1982,2,184.97499,268.3916573,1627.180281,100.8346263,c2vsim
1983,2,166.1204095,275.153104,1671.261055,279.80888,c2vsim
1984,2,210.5922773,349.1972363,1318.918331,2.435553424,c2vsim
1985,2,204.1654228,341.313528,1302.365928,-125.6233346,c2vsim
1986,2,193.4346786,309.9934712,1477.009702,47.83268617,c2vsim
1987,2,212.6248796,378.0373413,1146.345113,-167.8630884,c2vsim
1988,2,196.1694036,350.6083394,1294.023652,-95.90520002,c2vsim
1989,2,183.3413987,302.7870147,1392.074399,-60.66789123,c2vsim
1990,2,166.1181631,356.0516209,1199.95223,-184.841859,c2vsim
1991,2,165.4462017,373.815305,1144.307435,-178.123962,c2vsim
1992,2,168.2671353,324.4155601,1304.599957,-78.96947467,c2vsim
1993,2,159.4636035,281.7018494,1528.706349,125.5214528,c2vsim
1994,2,177.1621556,389.2501283,1286.090219,-132.8534166,c2vsim
1995,2,156.790725,320.0014603,1534.517499,189.0507212,c2vsim
1996,2,178.3878244,342.522612,1432.669692,58.92249168,c2vsim
1997,2,176.3926906,419.3219017,1332.899198,-21.73112497,c2vsim
1998,2,124.4905015,295.6569459,1718.401623,262.623212,c2vsim
1999,2,182.7118044,359.7289957,1374.29329,-35.68774612,c2vsim
2000,2,183.4832697,326.59236,1433.695036,-12.67326716,c2vsim
2001,2,184.3630958,337.4085935,1352.290822,-91.67208791,c2vsim
2002,2,193.1085263,377.1228097,1265.614022,-61.92320506,c2vsim
2003,2,160.2185587,329.0019207,1474.431646,33.35212605,c2vsim
1975,3,1112.583311,99.69164218,1625.297072,86.69760826,c2vsim
1976,3,1225.435965,76.33708305,1462.294336,27.86320722,c2vsim
1977,3,964.1979732,125.0157672,1392.328,-65.25271549,c2vsim
1978,3,1354.841172,49.4745182,1712.354977,134.4650389,c2vsim
1979,3,1386.137613,45.6928848,1623.184393,87.04109002,c2vsim
1980,3,1451.164682,75.38372646,1689.537262,145.29402,c2vsim
1981,3,1583.168105,94.57573413,1669.257241,92.72996096,c2vsim
1982,3,1580.715057,76.78503135,1781.994391,167.4803042,c2vsim
1983,3,1486.89777,28.85779969,1740.932767,285.8014451,c2vsim
1984,3,1602.497081,40.72976484,1499.912319,182.7142544,c2vsim
1985,3,1601.795481,93.613732,1549.499976,81.41065406,c2vsim
1986,3,1523.623698,54.12157452,1552.916112,177.5477251,c2vsim
1987,3,1291.213583,77.34078912,1457.706719,20.90304888,c2vsim
1988,3,1287.908884,76.70226386,1540.008145,44.73568764,c2vsim
1989,3,1340.381279,121.7804829,1656.519029,-14.73657011,c2vsim
1990,3,1104.297381,128.5085893,1536.559083,-92.82739445,c2vsim
1991,3,997.6291426,141.0678954,1476.840846,-103.3796434,c2vsim
1992,3,854.5388235,234.2389464,1493.337017,-146.5929548,c2vsim
1993,3,1057.642886,203.5855364,1667.746693,0.04816307,c2vsim
1994,3,985.7697355,374.3442153,1663.451309,-212.6883525,c2vsim
1995,3,1034.311236,213.8882801,1753.478018,43.6539866,c2vsim
1996,3,1080.557519,202.7077324,1676.723859,18.95946185,c2vsim
1997,3,1156.549251,277.7243468,1691.616019,-41.9439623,c2vsim
1998,3,983.676947,298.0286623,1863.904657,61.55107327,c2vsim
1999,3,1221.15374,201.3425933,1731.401327,0.871339156,c2vsim
2000,3,1218.592833,240.4835877,1812.946885,-23.40850998,c2vsim
2001,3,1311.070987,153.2707077,1688.888598,23.11582585,c2vsim
2002,3,1273.437082,195.5848534,1592.572808,29.18366674,c2vsim
2003,3,1233.426605,233.1394048,1834.672202,-7.616597659,c2vsim
1975,4,722.6439481,105.5088898,1064.23849,-60.95612823,c2vsim
1976,4,756.7199547,154.1220488,1023.291979,-118.6105121,c2vsim
1977,4,644.6033026,149.1058234,981.4005852,-119.0394323,c2vsim
1978,4,685.6222119,49.46734231,1043.363279,134.7094207,c2vsim
1979,4,690.035655,108.3627329,1045.685048,-39.50983818,c2vsim
1980,4,715.6957526,78.5409435,1078.000306,58.15372588,c2vsim
1981,4,739.5993439,140.8930363,1078.58512,-44.32419871,c2vsim
1982,4,699.4746003,58.21170282,1114.503037,122.7712025,c2vsim
1983,4,491.472841,50.56524991,1052.239725,125.0448013,c2vsim
1984,4,653.5013222,108.8639216,1002.645083,-113.7786546,c2vsim
1985,4,652.8625812,132.8821195,965.2257166,-78.32292253,c2vsim
1986,4,612.4490381,51.50635642,1004.321267,82.04981162,c2vsim
1987,4,631.1368645,142.0701831,905.9373592,-85.88976795,c2vsim
1988,4,607.6753055,202.9054216,1019.56399,-64.37060617,c2vsim
1989,4,596.8060547,248.9050125,1031.275207,-33.6765377,c2vsim
1990,4,610.1364007,172.7107952,1011.410799,-51.62684116,c2vsim
1991,4,547.2954415,226.1964653,971.8026034,-78.3273903,c2vsim
1992,4,549.0470911,184.0419953,1007.419721,-26.76914823,c2vsim
1993,4,574.6673726,193.060236,1103.235051,90.31183125,c2vsim
1994,4,602.2976524,343.4614694,1084.741573,-107.9650809,c2vsim
1995,4,560.6081393,222.54294,1130.479991,168.0188093,c2vsim
1996,4,558.2458554,255.6050731,1095.551355,-46.15032718,c2vsim
1997,4,628.4132286,263.6236243,1084.391822,-9.769779095,c2vsim
1998,4,535.9096285,195.4209523,1132.557454,137.4904616,c2vsim
1999,4,657.0398514,227.6636754,1033.238865,-67.32093084,c2vsim
2000,4,678.8569377,217.4666049,1095.723345,6.544963083,c2vsim
2001,4,614.0239903,198.9343766,1010.053631,-50.03961151,c2vsim
2002,4,647.7420261,144.8308022,995.7624867,13.62879093,c2vsim
2003,4,597.3328969,259.7173164,1106.454419,-18.03947666,c2vsim
1975,5,1223.717228,427.5379062,1882.764486,-143.044352,c2vsim
1976,5,1180.169555,397.3103714,1722.784097,-163.162816,c2vsim
1977,5,835.1912686,680.0458884,1595.737154,-392.5641125,c2vsim
1978,5,1024.026196,224.3708526,1816.808447,198.0438042,c2vsim
1979,5,1174.159468,250.8802061,1772.101928,24.43816535,c2vsim
1980,5,1165.910954,392.2299035,1928.55962,1.875098444,c2vsim
1981,5,1211.855788,469.1859259,1851.58862,-141.2241642,c2vsim
1982,5,1076.084431,350.0568224,2005.582765,127.3220374,c2vsim
1983,5,922.9366769,521.0401056,2020.379915,8.734195739,c2vsim
1984,5,1134.884118,257.7952839,1743.912286,24.94111206,c2vsim
1985,5,1183.945989,239.0816544,1602.610173,-2.406005131,c2vsim
1986,5,1156.012526,185.8474861,1757.84611,173.8839116,c2vsim
1987,5,1163.152091,262.2071145,1566.576084,-65.22660255,c2vsim
1988,5,1158.873224,368.4002748,1708.958523,-89.58074006,c2vsim
1989,5,1155.795968,371.1597723,1760.039127,-39.46948659,c2vsim
1990,5,1189.235593,368.6069225,1730.67405,-89.52607136,c2vsim
1991,5,783.3217322,716.0646551,1679.274661,-347.0366193,c2vsim
1992,5,823.9407535,572.3696196,1722.852483,-185.2541377,c2vsim
1993,5,1045.980462,402.1237712,1896.941788,80.45535611,c2vsim
1994,5,1091.048128,692.9139743,1840.312601,-276.7868245,c2vsim
1995,5,1117.58708,469.2517472,1995.543739,172.1754869,c2vsim
1996,5,1233.585361,468.6610431,1939.657348,-39.90698266,c2vsim
1997,5,1295.215922,555.7060455,1904.992836,-57.5341875,c2vsim
1998,5,1169.98575,487.5187736,2050.320967,133.649218,c2vsim
1999,5,1362.589811,462.0301972,1845.009417,-38.33842333,c2vsim
2000,5,1403.612904,491.1058557,1906.46295,2.057647224,c2vsim
2001,5,1330.894277,563.0842965,1853.449422,-132.2596407,c2vsim
2002,5,1363.614882,504.5886917,1867.746577,14.97343552,c2vsim
2003,5,1299.999391,554.066361,1942.073779,-8.801415654,c2vsim
1975,6,353.2620746,359.8893723,1340.976112,-112.0391192,c2vsim
1976,6,374.0527334,422.9739923,1073.606192,-227.6736794,c2vsim
1977,6,244.3229508,523.5253373,1110.663893,-310.4002086,c2vsim
1978,6,364.891535,250.2075314,1502.45782,175.5616917,c2vsim
1979,6,395.0186835,257.7109833,1282.863935,-30.0961308,c2vsim
1980,6,379.9852095,261.5809101,1498.302951,66.79779188,c2vsim
1981,6,412.4829344,327.9274868,1184.513742,-73.87519213,c2vsim
1982,6,357.1892117,231.4954019,1619.540403,143.9910345,c2vsim
1983,6,285.840358,234.3273215,1661.975076,132.7525971,c2vsim
1984,6,446.4354193,267.6168371,1246.353019,-36.7005125,c2vsim
1985,6,404.2785276,272.1339394,1233.918461,-59.24603881,c2vsim
1986,6,353.0180229,186.3479895,1428.759686,133.4921247,c2vsim
1987,6,438.2284625,201.9901978,1087.511457,-61.90864452,c2vsim
1988,6,398.3017962,162.2115697,1168.443606,24.28760952,c2vsim
1989,6,374.6908828,206.7337346,1168.652272,-26.5472798,c2vsim
1990,6,225.9659937,334.7746166,1165.512527,-173.9115373,c2vsim
1991,6,264.5056304,352.9862426,1103.825554,-97.01818311,c2vsim
1992,6,261.3574386,288.1794942,1175.041653,-63.78821138,c2vsim
1993,6,362.0247522,158.8635993,1397.700926,125.4923632,c2vsim
1994,6,373.5281561,199.36878,1130.780507,-63.54092367,c2vsim
1995,6,347.5177402,155.3892753,1433.149727,166.5141726,c2vsim
1996,6,384.2749092,162.1729711,1396.62681,48.97065495,c2vsim
1997,6,460.4145817,158.6826981,1272.563928,48.30898611,c2vsim
1998,6,376.2636537,242.2006373,1606.49798,88.52703748,c2vsim
1999,6,407.3966292,326.7886614,1321.345488,-93.58630188,c2vsim
2000,6,439.4089607,297.2218568,1374.307666,-41.08242818,c2vsim
2001,6,429.5848527,301.7589882,1292.463864,-80.4888099,c2vsim
2002,6,428.8150474,322.3253305,1310.723273,-16.24732995,c2vsim
2003,6,373.1816224,296.1588477,1414.223505,13.31618052,c2vsim
1975,7,506.1827828,318.5120518,937.1528553,-64.55164879,c2vsim
1976,7,446.2136104,373.411784,799.5854631,-135.3788978,c2vsim
1977,7,223.3691194,527.9924311,787.555771,-285.9535405,c2vsim
1978,7,430.5440393,305.6304149,924.9569538,-9.325597743,c2vsim
1979,7,504.6161719,291.0973144,900.1233229,-23.0441265,c2vsim
1980,7,505.1316155,280.053838,907.3197503,7.544523865,c2vsim
1981,7,461.0895307,429.6867905,920.9307727,-145.3241463,c2vsim
1982,7,464.452294,370.9669671,1031.85625,-15.21696392,c2vsim
1983,7,414.305827,221.1155301,982.9087087,101.6877707,c2vsim
1984,7,496.3496147,361.7499062,902.0388787,-54.54625241,c2vsim
1985,7,442.4295416,381.8947427,864.0132155,-86.39651138,c2vsim
1986,7,431.6409469,320.7559196,937.7005446,3.429815652,c2vsim
1987,7,406.4170124,371.3338696,812.6427252,-89.64138559,c2vsim
1988,7,373.5258448,456.1988984,855.7319545,-147.4034168,c2vsim
1989,7,445.5071029,374.1932894,911.8760192,-52.7504449,c2vsim
1990,7,430.4690988,417.8639916,881.7007272,-118.9948145,c2vsim
1991,7,390.8186444,416.7129836,825.7180517,-122.5412966,c2vsim
1992,7,405.6249869,435.8329384,871.0000227,-127.9054287,c2vsim
1993,7,418.3025746,420.8499247,979.6316125,-64.63230332,c2vsim
1994,7,420.085987,533.3242838,925.548015,-201.5039302,c2vsim
1995,7,402.9820086,482.3070375,1017.669008,-76.57350293,c2vsim
1996,7,443.8525114,421.4590165,977.9825109,-58.9812508,c2vsim
1997,7,482.954442,431.1694837,917.3519903,-64.16561291,c2vsim
1998,7,429.1693698,414.3799675,1021.587784,-10.71954484,c2vsim
1999,7,495.1960067,419.5084753,877.1851503,-50.5595012,c2vsim
2000,7,499.130674,416.8375544,930.1148163,-44.07885777,c2vsim
2001,7,434.8943894,416.3226809,867.7692299,-77.33535633,c2vsim
2002,7,518.5406083,323.6006393,847.6797438,24.91367653,c2vsim
2003,7,490.6420752,405.9983736,928.0436673,-45.17202042,c2vsim
1975,8,167.1185379,767.5791302,1689.119742,-149.70994,c2vsim
1976,8,123.2920237,902.4799336,1396.40671,-413.1809938,c2vsim
1977,8,124.2368739,917.052746,1313.031785,-502.6565545,c2vsim
1978,8,148.404467,702.1167879,1820.648903,-96.74063201,c2vsim
1979,8,177.3482672,795.0246967,1625.985122,-155.0880317,c2vsim
1980,8,178.4516349,713.6741361,1757.658339,-5.968494523,c2vsim
1981,8,176.874264,824.1541531,1515.644526,-248.3319687,c2vsim
1982,8,183.8419122,640.9870356,2001.814821,148.2568904,c2vsim
1983,8,183.2459881,587.574266,2097.705166,298.6683991,c2vsim
1984,8,191.6637263,797.5584126,1606.826846,-67.00701502,c2vsim
1985,8,178.0065918,787.8353518,1553.940411,-194.6699413,c2vsim
1986,8,192.5274923,625.2372266,1813.233867,104.0399252,c2vsim
1987,8,158.2265349,803.6221015,1392.403785,-223.9390549,c2vsim
1988,8,144.5516536,716.7113596,1419.180589,-196.5357336,c2vsim
1989,8,154.9344928,721.0573426,1459.652554,-217.0709886,c2vsim
1990,8,122.5140258,722.3405993,1538.099526,-230.0908774,c2vsim
1991,8,130.2190026,811.8148671,1393.787713,-318.7029664,c2vsim
1992,8,133.7633264,753.540067,1497.512864,-232.9511537,c2vsim
1993,8,175.3819336,656.8132443,1742.233132,39.96483925,c2vsim
1994,8,145.6462079,823.9026054,1503.725462,-227.262226,c2vsim
1995,8,176.4596211,655.0782331,1823.373936,114.6336483,c2vsim
1996,8,171.822629,660.9488159,1710.679006,76.72055754,c2vsim
1997,8,164.9911072,790.755072,1533.80219,-8.386833618,c2vsim
1998,8,145.2779244,609.3450166,1935.905821,225.07188,c2vsim
1999,8,179.7258437,753.3912247,1524.317847,-43.06135429,c2vsim
2000,8,172.8207152,749.4790645,1603.95385,-54.82808834,c2vsim
2001,8,172.2647902,762.4727125,1547.699005,-166.3260277,c2vsim
2002,8,168.7601677,790.2837126,1542.307946,-161.0304185,c2vsim
2003,8,166.3886276,761.3644686,1579.959606,-122.6200387,c2vsim
1975,9,997.6217035,240.6357168,1635.855978,-82.98126235,c2vsim
1976,9,1135.044814,352.3633437,1514.091324,-208.4958379,c2vsim
1977,9,1092.113277,280.9256362,1529.553621,-195.5688891,c2vsim
1978,9,926.739493,186.2264314,1713.768303,98.453451,c2vsim
1979,9,999.3242753,234.0633197,1616.712906,-71.83809266,c2vsim
1980,9,933.7733417,171.5419998,1690.821715,49.60185137,c2vsim
1981,9,1033.405591,201.8719969,1551.998054,-85.90707805,c2vsim
1982,9,820.3050365,165.6832465,1774.931627,115.2996088,c2vsim
1983,9,734.6688039,113.1295829,1843.966513,152.7288319,c2vsim
1984,9,1071.168532,186.1884476,1556.716073,-120.1077357,c2vsim
1985,9,986.1467041,230.3110322,1545.838779,-81.98743283,c2vsim
1986,9,827.5046063,147.7148222,1668.691112,80.18780007,c2vsim
1987,9,940.2659366,244.9848191,1463.325534,-135.8832593,c2vsim
1988,9,910.8871633,228.1923791,1495.032467,-61.25863964,c2vsim
1989,9,905.6088768,281.7372778,1500.797842,-85.83064828,c2vsim
1990,9,925.3467234,245.0225283,1502.463052,-118.2741504,c2vsim
1991,9,956.2846174,266.6625412,1464.704028,-103.6813924,c2vsim
1992,9,896.8794864,241.4045539,1527.616549,-75.66981002,c2vsim
1993,9,1014.206218,167.4355271,1757.884327,82.52828443,c2vsim
1994,9,1093.411986,305.1273203,1654.009331,-151.5983498,c2vsim
1995,9,919.4032622,219.6849202,1755.712186,110.8218113,c2vsim
1996,9,882.9304198,204.8858493,1652.193117,-24.9750563,c2vsim
1997,9,1058.401824,201.3070775,1599.975959,-1.059973542,c2vsim
1998,9,658.6367877,139.4372649,1805.399111,144.3684926,c2vsim
1999,9,771.9288417,230.2500553,1409.758513,-115.2877017,c2vsim
2000,9,750.5406437,171.4880867,1434.969631,2.212568011,c2vsim
2001,9,766.1353116,212.4309406,1396.02837,-89.18577824,c2vsim
2002,9,786.5429028,195.948456,1403.352992,-27.12579227,c2vsim
2003,9,736.9729098,181.2009539,1464.12178,15.56803693,c2vsim
1975,10,1204.203673,145.9767102,1385.531479,150.6773299,c2vsim
1976,10,1331.080031,130.4181025,1327.137992,82.13954705,c2vsim
1977,10,826.3367582,435.7171151,1341.575016,-261.1834483,c2vsim
1978,10,965.1196986,198.558874,1436.948587,144.3320006,c2vsim
1979,10,1220.391445,159.8140059,1429.719418,94.0951855,c2vsim
1980,10,1193.902922,211.412863,1459.625098,147.9619583,c2vsim
1981,10,1313.54593,153.9855656,1420.046908,91.61852943,c2vsim
1982,10,1111.607492,164.600439,1487.626027,174.9359074,c2vsim
1983,10,1027.767472,89.95482248,1435.743932,340.647443,c2vsim
1984,10,1317.383876,131.0009065,1320.859923,59.99541113,c2vsim
1985,10,1271.899121,131.7187115,1347.965661,98.42915973,c2vsim
1986,10,1097.409794,113.7382871,1364.858719,159.7794777,c2vsim
1987,10,977.0175409,305.7450157,1308.555853,-95.15702018,c2vsim
1988,10,907.8446722,507.3414108,1493.84294,-163.6833411,c2vsim
1989,10,941.2959537,482.1938368,1468.724476,-145.3090217,c2vsim
1990,10,886.9252875,499.0738536,1486.069293,-208.1887177,c2vsim
1991,10,732.4774487,678.4168946,1471.792661,-324.3181972,c2vsim
1992,10,666.1190795,698.6356345,1486.15781,-286.3501326,c2vsim
1993,10,750.0696204,580.1234144,1503.188482,-47.93783634,c2vsim
1994,10,812.6986838,618.3287788,1513.508285,-210.8533208,c2vsim
1995,10,890.761244,461.8065957,1570.260046,41.30044815,c2vsim
1996,10,1007.442871,406.2752114,1486.90648,28.05794664,c2vsim
1997,10,1024.50608,475.9640936,1514.979759,14.12115903,c2vsim
1998,10,788.4762062,442.8950648,1592.368596,119.0552709,c2vsim
1999,10,1018.089625,449.2381087,1509.531598,-97.9618884,c2vsim
2000,10,1006.869897,420.4698096,1481.435598,-21.58475946,c2vsim
2001,10,984.2336208,441.0231519,1495.501347,-79.36786989,c2vsim
2002,10,979.2070661,448.1718013,1436.303795,-85.65542223,c2vsim
2003,10,1200.662659,326.0944566,1477.45996,36.06295246,c2vsim
1975,11,893.7135245,126.449475,1078.102835,12.28747524,c2vsim
1976,11,725.9305279,363.8252668,992.6364335,-217.7176464,c2vsim
1977,11,335.9851417,633.2470218,950.7213672,-478.5868513,c2vsim
1978,11,691.5817014,141.9672787,1095.346632,171.3342361,c2vsim
1979,11,877.0026288,94.81455611,1020.340907,84.2016674,c2vsim
1980,11,885.6299085,89.23641751,1047.155235,134.6236609,c2vsim
1981,11,868.212988,131.2515083,988.9300573,0.90559801,c2vsim
1982,11,727.5500346,125.6140692,1107.716643,135.2635394,c2vsim
1983,11,793.7728729,120.5654343,1128.344944,152.8628762,c2vsim
1984,11,957.5444062,124.6950629,998.2528586,-51.84301631,c2vsim
1985,11,811.1077928,164.7632402,993.06293,-24.60152342,c2vsim
1986,11,752.1559449,139.8550678,1053.400226,57.305239,c2vsim
1987,11,705.3828212,248.3591186,949.2204255,-163.1991765,c2vsim
1988,11,583.2528161,235.4866296,926.6748773,-111.0946826,c2vsim
1989,11,643.6765742,181.503556,910.3049168,-75.95912477,c2vsim
1990,11,679.9905255,147.195371,911.7861499,-34.0157174,c2vsim
1991,11,632.0972741,227.6688578,884.8165554,-108.4389528,c2vsim
1992,11,653.6970436,151.308647,926.4792206,-20.57702801,c2vsim
1993,11,658.96558,132.3131156,1013.144026,58.77400591,c2vsim
1994,11,695.3607119,177.1206257,946.0474853,-39.96256669,c2vsim
1995,11,651.6767296,115.2378974,1032.135378,99.75343699,c2vsim
1996,11,777.5672807,93.50334704,989.1071762,65.3409586,c2vsim
1997,11,811.7221371,146.8358161,947.5025657,40.65840748,c2vsim
1998,11,625.2164665,132.4495211,1055.583769,120.5209874,c2vsim
1999,11,799.865215,131.8524124,930.4735421,-39.18744613,c2vsim
2000,11,724.9558567,125.8984488,950.0333379,8.005244677,c2vsim
2001,11,709.976133,164.1000216,938.93131,-49.53204631,c2vsim
2002,11,742.3646171,158.1941606,926.7613472,-25.30704238,c2vsim
2003,11,694.1365034,182.457206,943.0516044,-26.83143982,c2vsim
1975,12,660.1652483,131.9354791,847.6654576,66.50261379,c2vsim
1976,12,735.6057724,213.7374251,790.2099023,-18.88960461,c2vsim
1977,12,223.9412378,535.3284398,779.1638736,-359.9484704,c2vsim
1978,12,528.8719968,111.4425283,890.0287348,189.937058,c2vsim
1979,12,631.1616476,93.10829504,839.168651,97.23626203,c2vsim
1980,12,613.5684259,94.40705329,862.3026724,131.9356599,c2vsim
1981,12,694.3904808,103.060541,821.7022214,37.53620202,c2vsim
1982,12,576.7878913,95.68986217,902.3799637,141.9628666,c2vsim
1983,12,614.0112289,88.05320932,935.5892313,182.7345821,c2vsim
1984,12,741.1899076,135.5958703,837.3827912,-47.19502893,c2vsim
1985,12,601.7971376,184.7386774,826.0193201,-19.33927097,c2vsim
1986,12,602.354556,106.4890369,867.189356,80.3437578,c2vsim
1987,12,528.8232994,253.182252,801.7479228,-108.9936223,c2vsim
1988,12,322.4155711,371.5825862,824.0560899,-214.0282569,c2vsim
1989,12,425.2229635,294.2495972,826.8597225,-83.08611818,c2vsim
1990,12,480.4290245,225.753062,830.1939491,-36.40312817,c2vsim
1991,12,486.1301312,262.4506836,819.0961858,-73.85629261,c2vsim
1992,12,496.8565274,212.9402782,846.027564,-21.39082048,c2vsim
1993,12,546.8544042,105.5280302,900.0039845,127.2369384,c2vsim
1994,12,552.938652,198.2821721,867.1025321,-56.3877578,c2vsim
1995,12,541.5022272,144.3935992,919.4715547,139.7711276,c2vsim
1996,12,621.6635219,114.2570907,894.6749241,26.22846924,c2vsim
1997,12,681.6019507,187.2949961,872.1656556,39.58405889,c2vsim
1998,12,502.9775406,148.2157733,925.6948652,109.5487165,c2vsim
1999,12,628.9942308,234.8735253,867.5441816,-87.28581274,c2vsim
2000,12,598.6459626,181.5504563,883.0807002,24.2615437,c2vsim
2001,12,578.7444249,233.4633156,876.4310568,-45.54121258,c2vsim
2002,12,550.8246805,261.7325112,863.4757742,-54.94882823,c2vsim
2003,12,542.3804532,251.344279,870.3115366,-23.72185432,c2vsim
1975,13,951.9855696,608.5662112,2182.764505,19.78617115,c2vsim
1976,13,582.2091845,1052.308458,2013.843344,-541.4701552,c2vsim
1977,13,231.303919,1489.001476,1945.702018,-988.0047323,c2vsim
1978,13,966.912225,502.3498126,2354.600381,521.2152364,c2vsim
1979,13,1004.835813,506.0803237,2190.211677,134.5595718,c2vsim
1980,13,1089.682942,499.0532534,2223.933936,269.6908651,c2vsim
1981,13,822.5734739,785.7084741,2100.846693,-257.7134828,c2vsim
1982,13,1043.744882,446.2891676,2343.396648,357.138402,c2vsim
1983,13,1127.823908,389.8180975,2436.583035,1078.462457,c2vsim
1984,13,1058.520275,656.943046,2055.139128,-50.00731646,c2vsim
1985,13,771.6777565,866.2144258,2058.999018,-299.7485448,c2vsim
1986,13,1041.9491,496.1249896,2193.231379,243.743761,c2vsim
1987,13,701.6424587,867.9237036,1983.440564,-360.5053614,c2vsim
1988,13,512.5608177,990.8974776,1997.143912,-510.0091455,c2vsim
1989,13,504.4389061,1035.419365,2016.162199,-506.5699003,c2vsim
1990,13,358.1591683,1124.013853,1988.336509,-622.1982833,c2vsim
1991,13,437.74438,1078.833673,1956.572786,-484.5006795,c2vsim
1992,13,449.5741414,959.942951,2004.969502,-403.7868394,c2vsim
1993,13,830.0434537,549.6523935,2186.756693,266.0077597,c2vsim
1994,13,669.0400621,776.4486901,2040.871102,-247.9059019,c2vsim
1995,13,708.5412599,640.7604189,2283.931916,276.7676115,c2vsim
1996,13,840.2309447,636.9012073,2142.012736,38.92072924,c2vsim
1997,13,774.9045594,863.0582109,2100.993059,277.166823,c2vsim
1998,13,671.4350284,610.5725251,2362.389377,401.7732306,c2vsim
1999,13,657.5593873,920.6528709,2031.575708,-344.4128094,c2vsim
2000,13,618.933299,833.6120597,2107.968724,-141.1620164,c2vsim
2001,13,639.0067799,846.7345594,2078.363075,-261.3808599,c2vsim
2002,13,567.9822898,952.8484697,1995.43994,-364.5564499,c2vsim
2003,13,513.5882736,925.3290012,2059.239421,-327.8634406,c2vsim
1975,14,1160.553031,444.5271305,1502.865278,-248.6978902,c2vsim
1976,14,1192.874255,418.2520812,1551.7251,-241.8752656,c2vsim
1977,14,378.9756225,1040.194891,1528.218376,-915.1075114,c2vsim
1978,14,618.9582832,636.8756313,1651.389415,-421.9031991,c2vsim
1979,14,1007.807974,546.3555549,1625.364521,-293.6271095,c2vsim
1980,14,1069.239399,561.0767736,1662.680066,-277.9447002,c2vsim
1981,14,1214.506404,467.0214318,1633.917266,-188.8736465,c2vsim
1982,14,1144.037917,472.107967,1638.873309,-197.2767689,c2vsim
1983,14,1012.233005,415.6512763,1671.532257,-121.6653536,c2vsim
1984,14,1376.759527,434.1489043,1569.150754,-132.6985866,c2vsim
1985,14,1264.244749,459.9453828,1566.080562,-168.6366112,c2vsim
1986,14,1107.207662,412.8038566,1590.101304,-142.4838835,c2vsim
1987,14,1227.332413,422.0756207,1538.636302,-160.287947,c2vsim
1988,14,1191.003732,456.1033563,1579.402586,-240.4023434,c2vsim
1989,14,1064.883539,536.1570102,1478.203319,-311.8910184,c2vsim
1990,14,715.5871718,695.1793106,1463.836807,-529.9695708,c2vsim
1991,14,330.5242872,783.6893231,1337.070062,-664.4697425,c2vsim
1992,14,309.7352634,806.998491,1395.395254,-669.9641655,c2vsim
1993,14,660.9340536,484.447815,1508.962514,-278.0451541,c2vsim
1994,14,793.7347926,674.4223095,1465.972315,-447.1671159,c2vsim
1995,14,787.2578078,439.7985448,1594.203254,-193.1772137,c2vsim
1996,14,1270.926375,343.068774,1552.598137,-38.57194086,c2vsim
1997,14,1296.29841,239.2654557,1541.808984,39.77932967,c2vsim
1998,14,934.3415856,299.566973,1559.490518,-36.32751591,c2vsim
1999,14,1251.844503,329.3263789,1478.024866,-86.63313293,c2vsim
2000,14,1051.542417,363.9020182,1482.972298,-121.3546645,c2vsim
2001,14,888.6107091,491.2631995,1437.152977,-270.8007664,c2vsim
2002,14,838.739314,521.538509,1391.267816,-319.8305697,c2vsim
2003,14,951.308433,402.2275834,1434.32191,-193.3586189,c2vsim
1975,15,1086.364129,1255.567828,2300.956654,-265.5179381,c2vsim
1976,15,752.5031263,1523.400712,2326.280802,-547.640296,c2vsim
1977,15,369.8546204,1783.11377,2315.080138,-986.6816446,c2vsim
1978,15,854.9536642,959.9658095,2416.816371,567.222397,c2vsim
1979,15,1181.089835,1057.753104,2364.72323,-47.36191054,c2vsim
1980,15,1176.610524,1015.808907,2388.719829,236.4548562,c2vsim
1981,15,1161.792162,1174.040406,2358.099728,-181.6891435,c2vsim
1982,15,1251.791168,1035.949235,2369.739736,222.1577651,c2vsim
1983,15,966.3780036,939.2566339,2407.178315,711.8936442,c2vsim
1984,15,970.7849365,1326.510796,2296.563336,-219.5219531,c2vsim
1985,15,1062.862208,1205.236729,2289.54067,-183.86968,c2vsim
1986,15,1056.542448,972.0707911,2321.701463,257.0888649,c2vsim
1987,15,993.1990141,1226.835354,2266.022228,-223.8514334,c2vsim
1988,15,590.9893304,1529.534046,2268.917803,-461.4947962,c2vsim
1989,15,787.8886742,1388.960334,2197.867625,-377.090951,c2vsim
1990,15,558.2004649,1596.336723,2201.972281,-635.9775716,c2vsim
1991,15,305.3647259,1576.288067,2108.922032,-417.8175586,c2vsim
1992,15,404.0485878,1477.50794,2159.54786,-545.4058297,c2vsim
1993,15,1027.601098,773.5206014,2214.108433,507.5638458,c2vsim
1994,15,824.9663208,1291.804156,2167.323576,-264.4431281,c2vsim
1995,15,1143.78261,795.2878413,2320.38593,624.4540337,c2vsim
1996,15,1456.346869,710.1152749,2236.062206,449.8992862,c2vsim
1997,15,1042.352304,928.6396726,2217.883976,397.2998284,c2vsim
1998,15,615.8871733,899.606499,2233.470238,492.9875161,c2vsim
1999,15,762.3099237,1341.784658,2138.891223,-173.0807888,c2vsim
2000,15,892.7526825,1061.988026,2150.672573,72.11825796,c2vsim
2001,15,568.8158307,1305.4926,2123.389588,-278.1615483,c2vsim
2002,15,599.267077,1390.399434,2051.760858,-339.2627506,c2vsim
2003,15,660.0347635,1234.268438,2081.89098,-108.6846372,c2vsim
1975,16,530.6206719,121.1229382,632.6097811,2.381595163,c2vsim
1976,16,239.2644179,299.9630653,617.3004122,-237.6576211,c2vsim
1977,16,203.7558442,384.6091311,596.005713,-338.9295835,c2vsim
1978,16,456.4111583,113.7818145,639.3109609,94.64958138,c2vsim
1979,16,502.460977,132.5827175,604.8767432,94.49822045,c2vsim
1980,16,483.0558427,130.6020293,604.9772535,66.16798025,c2vsim
1981,16,425.1024417,164.7000397,591.9326929,-36.87972007,c2vsim
1982,16,464.5352146,114.4194918,624.3771601,38.08239761,c2vsim
1983,16,415.5333755,116.323605,632.5928989,181.448418,c2vsim
1984,16,547.4972887,151.2675468,586.6701802,36.63365404,c2vsim
1985,16,466.8110024,174.4426071,597.3285676,-39.12016425,c2vsim
1986,16,484.8943554,129.1435937,605.1551391,57.50572503,c2vsim
1987,16,414.8775477,208.7401445,580.1929729,-72.07890627,c2vsim
1988,16,441.4717784,229.3982695,579.1559426,-135.8977445,c2vsim
1989,16,448.1892003,198.0492705,594.2193666,-96.89007268,c2vsim
1990,16,318.313614,272.8067878,580.6386281,-191.9644136,c2vsim
1991,16,442.7545138,189.3539103,579.674523,-96.40453552,c2vsim
1992,16,376.7443971,233.3139145,578.2884182,-110.4048673,c2vsim
1993,16,682.4535418,118.1326175,604.5414397,146.6546478,c2vsim
1994,16,402.0883524,194.4838458,578.9566513,-32.63840563,c2vsim
1995,16,492.1554957,158.1076941,603.4337053,92.16832566,c2vsim
1996,16,546.0454286,140.7864522,580.0622506,89.24124123,c2vsim
1997,16,615.5811998,145.3387057,565.7034934,136.1500387,c2vsim
1998,16,388.4556781,165.8941088,615.5149079,118.3750476,c2vsim
1999,16,601.6084631,155.6546771,567.2149629,27.17970641,c2vsim
2000,16,471.6260636,187.1556266,578.3421761,1.317695025,c2vsim
2001,16,409.3668628,202.6960798,576.8534984,-71.93484037,c2vsim
2002,16,503.5376545,190.0566817,562.3067672,-70.32305059,c2vsim
2003,16,499.1445741,185.1782784,588.132795,-54.5910035,c2vsim
1975,17,352.8023314,372.4352772,878.2416489,-206.8246364,c2vsim
1976,17,58.50677486,671.6976804,867.8987317,-545.7399671,c2vsim
1977,17,49.62641341,759.3606898,846.0827051,-659.3044205,c2vsim
1978,17,606.3229057,153.8575647,907.8876867,253.1360651,c2vsim
1979,17,515.5407575,311.8917583,872.3671519,-4.707907082,c2vsim
1980,17,603.8753488,247.1353102,882.7224954,100.9006273,c2vsim
1981,17,302.3987926,458.0073694,873.9148266,-282.622505,c2vsim
1982,17,544.3846771,165.4963452,913.7188223,95.66196107,c2vsim
1983,17,502.3492962,223.0221433,905.2460627,253.3316712,c2vsim
1984,17,467.8761377,356.9146698,849.1120264,-119.858467,c2vsim
1985,17,321.9531679,437.5588279,865.6256326,-263.0273713,c2vsim
1986,17,512.6960878,286.5116826,879.52405,60.5432967,c2vsim
1987,17,239.2661657,523.2611209,853.5357447,-320.3552878,c2vsim
1988,17,138.296937,587.722267,853.87544,-420.9011211,c2vsim
1989,17,199.7013019,536.0350093,839.248462,-368.1608563,c2vsim
1990,17,130.7493448,595.5386048,841.7300077,-465.7857036,c2vsim
1991,17,231.6070227,544.1628656,835.1180787,-356.6478045,c2vsim
1992,17,150.3677605,586.5507589,836.2934398,-382.5588363,c2vsim
1993,17,502.5802478,222.4944397,859.9537981,171.4863844,c2vsim
1994,17,239.3790165,483.243344,855.6214187,-205.1437971,c2vsim
1995,17,565.9837866,181.7385773,890.2385332,281.4843792,c2vsim
1996,17,571.3196635,239.9014601,864.2800543,169.9610683,c2vsim
1997,17,462.2483387,388.7039898,861.7573311,125.3762031,c2vsim
1998,17,478.7862932,228.2119589,917.6168345,278.5653164,c2vsim
1999,17,325.476497,440.171146,854.6682912,-131.276126,c2vsim
2000,17,392.5338463,334.7975168,860.3793436,-28.36113913,c2vsim
2001,17,226.2143954,482.9407419,841.3924475,-247.2652054,c2vsim
2002,17,284.6339997,485.7061611,829.858787,-219.4193258,c2vsim
2003,17,285.3598747,430.2434773,846.134728,-160.9052313,c2vsim
1975,18,912.3199799,592.544425,1889.752599,28.41427608,c2vsim
1976,18,306.4654968,1181.810951,1897.586127,-603.9606646,c2vsim
1977,18,127.2793789,1458.599248,1823.899072,-927.5478495,c2vsim
1978,18,1175.743993,307.7728259,2036.771652,815.5147979,c2vsim
1979,18,1056.27654,523.0151262,1898.323434,302.3766733,c2vsim
1980,18,1337.694725,345.4186133,1955.109804,635.5237808,c2vsim
1981,18,540.3323994,849.5231722,1889.614017,-234.5076392,c2vsim
1982,18,1271.722526,200.7353353,1969.400477,658.9423175,c2vsim
1983,18,1511.977382,161.2552893,2013.82002,1252.608313,c2vsim
1984,18,923.1667482,661.1063135,1832.930753,103.6891248,c2vsim
1985,18,584.2343546,855.1102148,1854.780689,-271.2485796,c2vsim
1986,18,1264.210738,424.913528,1916.037837,499.8943174,c2vsim
1987,18,681.6185237,850.9695583,1821.830031,-377.9638327,c2vsim
1988,18,713.4785475,787.163744,1887.327593,-366.4489004,c2vsim
1989,18,792.9511315,619.725168,1792.010001,-373.3057387,c2vsim
1990,18,511.7728711,1082.815227,1788.071434,-720.9868201,c2vsim
1991,18,775.3749846,805.4549819,1819.273792,-306.5757845,c2vsim
1992,18,629.5142603,860.8916159,1895.116759,-475.0487563,c2vsim
1993,18,2394.268796,125.0706655,1926.773884,951.662005,c2vsim
1994,18,777.9572064,673.1040552,1905.54971,-234.887968,c2vsim
1995,18,2357.470461,170.0728769,1985.423003,1052.649599,c2vsim
1996,18,2108.62225,105.6947314,1877.067209,896.1742215,c2vsim
1997,18,1746.167442,223.1000438,1891.133873,1021.010382,c2vsim
1998,18,1853.764659,151.2052624,1979.038152,1010.792743,c2vsim
1999,18,1486.671146,240.610165,1882.666875,330.5413393,c2vsim
2000,18,1671.285517,169.6421739,1868.056762,289.422611,c2vsim
2001,18,969.6692871,520.6813831,1830.655694,-289.2654365,c2vsim
2002,18,1023.331951,502.1683017,1814.93322,-256.1211484,c2vsim
2003,18,1395.25015,232.9842056,1839.924179,121.0151786,c2vsim
1975,19,316.6308311,991.6256559,1551.137808,-524.7271646,c2vsim
1976,19,246.4085397,1067.338227,1600.796095,-594.4529009,c2vsim
1977,19,198.556004,1072.427838,1531.813875,-697.0537412,c2vsim
1978,19,401.4900444,730.0813335,1842.462107,185.1200669,c2vsim
1979,19,474.8663066,764.9291156,1665.040428,-300.5941819,c2vsim
1980,19,546.6324327,729.2063816,1715.050046,46.92627341,c2vsim
1981,19,440.9138511,807.511901,1591.48261,-295.9217383,c2vsim
1982,19,530.1047483,681.1455582,1642.910648,-35.2673563,c2vsim
1983,19,495.6818701,550.4667092,1732.808196,1015.554619,c2vsim
1984,19,455.712012,725.0762235,1431.82367,-159.4601,c2vsim
1985,19,412.0343013,716.7845779,1438.264583,-340.7122111,c2vsim
1986,19,487.3247242,573.3926606,1459.071825,-45.07418305,c2vsim
1987,19,405.064443,661.8219369,1348.831529,-270.9933308,c2vsim
1988,19,344.1263913,576.1823405,1349.956613,-242.3749226,c2vsim
1989,19,408.1042341,556.3230998,1184.835766,-254.1284168,c2vsim
1990,19,207.1541335,774.2677336,1096.654812,-481.2611193,c2vsim
1991,19,62.08270052,712.5370842,1075.865936,-273.1710131,c2vsim
1992,19,201.4253639,589.8558024,1170.126029,-332.8512414,c2vsim
1993,19,542.9710767,266.2578385,1300.837795,106.0045834,c2vsim
1994,19,164.4113077,691.9068903,1209.104545,-377.9004218,c2vsim
1995,19,368.4383464,492.1465172,1448.87649,100.4975513,c2vsim
1996,19,305.011877,617.46643,1273.287219,-176.175354,c2vsim
1997,19,231.2739849,690.9456765,1319.402479,-84.49684019,c2vsim
1998,19,216.6616704,551.4810553,1641.269488,385.1889939,c2vsim
1999,19,5.194785948,1038.701729,1352.653391,-575.7161281,c2vsim
2000,19,178.7314521,867.3599223,1321.344452,-478.5148859,c2vsim
2001,19,69.35444462,823.6343855,1280.918953,-459.1653745,c2vsim
2002,19,128.3529382,825.1026152,1164.642253,-502.4373224,c2vsim
2003,19,147.7639525,770.1544762,1263.054086,-420.2227763,c2vsim
1975,20,308.5001048,426.3010579,845.175679,-287.0305301,c2vsim
1976,20,190.1000655,497.9141166,848.3991572,-420.518658,c2vsim
1977,20,93.07168842,609.5645565,806.8692781,-538.9044368,c2vsim
1978,20,366.0554531,304.8714546,998.2435528,-208.8918562,c2vsim
1979,20,373.0175213,410.9823372,896.6784999,-176.2810988,c2vsim
1980,20,504.3460101,264.851017,929.3928035,-55.75664247,c2vsim
1981,20,334.1156121,437.6979735,895.6878684,-221.7258045,c2vsim
1982,20,462.4888904,315.9082003,949.8199854,-118.0842162,c2vsim
1983,20,438.8653269,282.1834611,1014.502844,31.13176157,c2vsim
1984,20,387.8101336,451.0954266,881.4404749,-130.1620833,c2vsim
1985,20,349.3547375,457.1646885,903.0212953,-215.4184668,c2vsim
1986,20,536.9464656,277.5346433,947.1838225,-80.07486472,c2vsim
1987,20,276.4240028,525.4190359,910.5482912,-266.1722092,c2vsim
1988,20,261.5268098,503.7613518,928.2072109,-320.4473773,c2vsim
1989,20,276.0633103,537.1571538,882.4225205,-363.6694808,c2vsim
1990,20,181.2748933,639.7989274,851.8551065,-475.1592851,c2vsim
1991,20,192.1741698,566.0575171,869.375506,-431.5796229,c2vsim
1992,20,204.2989637,538.3226312,893.4719668,-390.4949824,c2vsim
1993,20,403.4186816,392.3518857,1002.755187,-192.2085284,c2vsim
1994,20,265.0901644,533.8139755,934.2420629,-318.8604345,c2vsim
1995,20,480.0825921,277.1794181,1016.62817,-66.4266134,c2vsim
1996,20,446.2939883,407.0079627,952.0113332,-75.06785828,c2vsim
1997,20,459.1852575,383.0125504,953.1930699,-56.64765701,c2vsim
1998,20,381.9707732,286.2474808,1044.696681,43.75306745,c2vsim
1999,20,304.7784591,522.7282978,922.2353328,-203.9704478,c2vsim
2000,20,344.9570571,495.1760266,922.0604662,-249.8252593,c2vsim
2001,20,272.114403,518.2618863,896.9465582,-296.694085,c2vsim
2002,20,269.9688382,543.4681608,868.8965285,-331.6122918,c2vsim
2003,20,298.4316551,520.1001991,907.7522596,-308.2827777,c2vsim
1975,21,522.3900762,1144.192777,1716.937237,-634.0993303,c2vsim
1976,21,492.3771266,1196.203359,1710.365452,-667.833308,c2vsim
1977,21,203.9407701,1407.205847,1726.038431,-930.9998805,c2vsim
1978,21,461.999287,1023.250341,1856.214547,-329.4782966,c2vsim
1979,21,867.778995,849.0966533,1803.297541,-142.761653,c2vsim
1980,21,605.3131187,1096.691577,1817.997667,-117.4145762,c2vsim
1981,21,764.5683508,992.2894967,1776.850428,-268.7143724,c2vsim
1982,21,755.2639364,1027.809625,1818.254477,-176.9856198,c2vsim
1983,21,446.6671909,1099.918565,1882.364237,-190.8754488,c2vsim
1984,21,698.4493432,1089.124617,1755.185157,-407.3941595,c2vsim
1985,21,658.2825926,1150.425116,1756.830335,-529.8858948,c2vsim
1986,21,637.4881014,1103.216919,1782.894235,-269.0303568,c2vsim
1987,21,561.3304244,1193.413805,1755.60966,-523.4017441,c2vsim
1988,21,626.1417498,1072.773695,1760.281728,-529.8667238,c2vsim
1989,21,559.7971156,1086.443297,1642.745821,-550.5278458,c2vsim
1990,21,376.0191497,1349.902151,1652.999318,-864.7199386,c2vsim
1991,21,159.3589728,1266.470464,1611.04508,-793.1829057,c2vsim
1992,21,318.3275748,1203.310172,1653.772239,-774.221354,c2vsim
1993,21,752.5982079,741.8235772,1688.775316,-139.4178411,c2vsim
1994,21,404.1324966,1202.835316,1652.997984,-469.7808852,c2vsim
1995,21,770.0502387,731.1517419,1756.126566,69.08167843,c2vsim
1996,21,861.4741014,849.1882953,1634.186512,106.7567933,c2vsim
1997,21,679.6037788,975.1890893,1640.693183,-199.8961434,c2vsim
1998,21,322.9313147,876.1616543,1762.135617,33.69074154,c2vsim
1999,21,352.1866901,1220.963596,1645.836717,-543.2981929,c2vsim
2000,21,637.9051443,951.8276241,1617.664551,-325.7231101,c2vsim
2001,21,260.506513,1260.576023,1616.242017,-719.5251168,c2vsim
2002,21,406.507693,1181.212574,1555.782925,-652.0555741,c2vsim
2003,21,590.3601327,920.5621772,1628.227014,-388.5279825,c2vsim
